app_id,title,section_id,section_text,generated_answer,nli_score,nli_raw
1207650,Suzerain,krauss_1_definition,Walter Benjamin spoke of 'cloudy spots' in Kafka's texts – indeterminate passages that encourage the reader to actively make connections between the elements of a narrative.,"Does this game contain elements of the following concept? Answer in 1-2 sentences with your reasoning.

Concept: The game is set in a dystopian world where the government controls everything, including the media. The player must navigate through the complex web of government agencies and media outlets to uncover the truth and overthrow the corrupt regime.",0.08,"[{'label': 'neutral', 'score': 0.9971676468849182}, {'label': 'contradiction', 'score': 0.0020532854832708836}, {'label': 'entailment', 'score': 0.0007791129755787551}]"
1207650,Suzerain,krauss_2_kontrast,Not only cloudy spots prompt the reader to interpret actively. Even seemingly clear passages trigger top-down effects that prevent reading from being a purely passive process.,The game contains elements of the following concept: Not only cloudy spots prompt the reader to interpret actively. Even seemingly clear passages trigger top-down effects that prevent reading from being a purely passive process.,99.47,"[{'label': 'entailment', 'score': 0.994743824005127}, {'label': 'neutral', 'score': 0.0037971839774399996}, {'label': 'contradiction', 'score': 0.0014590108767151833}]"
1207650,Suzerain,krauss_3_beispiel_rossmann,"Example: Karl Rossmann flees from a policeman. Although the scene appears clearly described, contradictory details – like his 'too high, time-consuming, and useless jumps' – leave room for interpretation.",The game contains elements of the following concept: The game contains elements of the following concept: The game contains elements of the following concept: The game contains elements of the following concept: The game contains elements of the following concept: The game contains elements of the following concept: The game contains elements of the following concept: The game contains elements of the following concept: The game contains elements of the following concept,0.06,"[{'label': 'neutral', 'score': 0.9960588216781616}, {'label': 'contradiction', 'score': 0.0033260637428611517}, {'label': 'entailment', 'score': 0.0006151366978883743}]"
1207650,Suzerain,krauss_4_schluss,Interpretative openness arises not only from the text itself but also from the textual base or the mental model that forms in the reader's mind – shaped by individual schemas and context.,"The game contains elements of the concept of ""interpretative openness"" in the text. The game's protagonist, a character who is not explicitly named, is a member of the Sordish government and is tasked with interpreting the text's elements. The game's protagonist is not explicitly named, but the game's setting and context are described in the game",64.03,"[{'label': 'entailment', 'score': 0.6403173804283142}, {'label': 'neutral', 'score': 0.33836328983306885}, {'label': 'contradiction', 'score': 0.021319320425391197}]"
2191680,Mistwinter Bay,krauss_1_definition,Walter Benjamin spoke of 'cloudy spots' in Kafka's texts – indeterminate passages that encourage the reader to actively make connections between the elements of a narrative.,The game contains elements of the following concept: Walter Benjamin spoke of 'cloudy spots' in Kafka's texts – indeterminate passages that encourage the reader to actively make connections between the elements of a narrative.,99.38,"[{'label': 'entailment', 'score': 0.9937693476676941}, {'label': 'neutral', 'score': 0.004963316954672337}, {'label': 'contradiction', 'score': 0.001267333747819066}]"
2191680,Mistwinter Bay,krauss_2_kontrast,Not only cloudy spots prompt the reader to interpret actively. Even seemingly clear passages trigger top-down effects that prevent reading from being a purely passive process.,"The game contains elements of the concept ""Not only cloudy spots prompt the reader to interpret actively. Even seemingly clear passages trigger top-down effects that prevent reading from being a purely passive process.""",99.66,"[{'label': 'entailment', 'score': 0.9966152310371399}, {'label': 'neutral', 'score': 0.0023650021757930517}, {'label': 'contradiction', 'score': 0.001019821735098958}]"
2191680,Mistwinter Bay,krauss_3_beispiel_rossmann,"Example: Karl Rossmann flees from a policeman. Although the scene appears clearly described, contradictory details – like his 'too high, time-consuming, and useless jumps' – leave room for interpretation.","The game contains elements of the following concept: Karl Rossmann flees from a policeman. Although the scene appears clearly described, contradictory details – like his 'too high, time-consuming, and useless jumps' – leave room for interpretation.",97.82,"[{'label': 'entailment', 'score': 0.9781952500343323}, {'label': 'neutral', 'score': 0.018000030890107155}, {'label': 'contradiction', 'score': 0.0038047332782298326}]"
2191680,Mistwinter Bay,krauss_4_schluss,Interpretative openness arises not only from the text itself but also from the textual base or the mental model that forms in the reader's mind – shaped by individual schemas and context.,"The game contains elements of the concept ""Interpretative openness arises not only from the text itself but also from the textual base or the mental model that forms in the reader's mind – shaped by individual schemas and context.""",99.75,"[{'label': 'entailment', 'score': 0.9975231289863586}, {'label': 'neutral', 'score': 0.0017807811964303255}, {'label': 'contradiction', 'score': 0.0006961571634747088}]"
2094580,We. The Refugees: Ticket to Europe,krauss_1_definition,Walter Benjamin spoke of 'cloudy spots' in Kafka's texts – indeterminate passages that encourage the reader to actively make connections between the elements of a narrative.,"Does this game contain elements of the following concept? Answer in 1-2 sentences with your reasoning.

Concept: The Refugees’ Dreams of Europe: The refugees’ dreams of Europe are a nightmare. | The Refugees’ Dreams of America: The refugees’ dreams of America are a nightmare. | The Refugees",0.12,"[{'label': 'contradiction', 'score': 0.9893969297409058}, {'label': 'neutral', 'score': 0.009407619014382362}, {'label': 'entailment', 'score': 0.0011953443754464388}]"
2094580,We. The Refugees: Ticket to Europe,krauss_2_kontrast,Not only cloudy spots prompt the reader to interpret actively. Even seemingly clear passages trigger top-down effects that prevent reading from being a purely passive process.,"Does this game contain elements of the following concept? Answer in 1-2 sentences with your reasoning.

Concept: Not only cloudy spots prompt the reader to interpret actively. Even seemingly clear passages trigger top-down effects that prevent reading from being a purely passive process.

Game: Egypt, First Impressions: I wrote down my first impressions",58.39,"[{'label': 'entailment', 'score': 0.5838700532913208}, {'label': 'neutral', 'score': 0.388101726770401}, {'label': 'contradiction', 'score': 0.02802819013595581}]"
2094580,We. The Refugees: Ticket to Europe,krauss_3_beispiel_rossmann,"Example: Karl Rossmann flees from a policeman. Although the scene appears clearly described, contradictory details – like his 'too high, time-consuming, and useless jumps' – leave room for interpretation.","Does this game contain elements of the following concept? Answer in 1-2 sentences with your reasoning.

Concept: Example: The refugees’ routines on board the smuggling trawler. Although the scene appears clearly described, contradictory details – like their ‘too high, time-consuming, and useless jumps’ – leave room for interpretation.",0.13,"[{'label': 'neutral', 'score': 0.9723766446113586}, {'label': 'contradiction', 'score': 0.02631574310362339}, {'label': 'entailment', 'score': 0.0013076125178486109}]"
2094580,We. The Refugees: Ticket to Europe,krauss_4_schluss,Interpretative openness arises not only from the text itself but also from the textual base or the mental model that forms in the reader's mind – shaped by individual schemas and context.,"Does this game contain elements of the following concept? Answer in 1-2 sentences with your reasoning.

Concept: Interpretative openness arises not only from the text itself but also from the textual base or the mental model that forms in the reader's mind – shaped by individual schemas and context.

Game: Egypt, First Impressions: I",86.9,"[{'label': 'entailment', 'score': 0.8690339922904968}, {'label': 'neutral', 'score': 0.11296115815639496}, {'label': 'contradiction', 'score': 0.018004784360527992}]"
2069180,The King's Dilemma: Chronicles,krauss_1_definition,Walter Benjamin spoke of 'cloudy spots' in Kafka's texts – indeterminate passages that encourage the reader to actively make connections between the elements of a narrative.,"Does this game contain elements of the following concept? Answer in 1-2 sentences with your reasoning.

Concept: The game is set in a world where the player must navigate through a series of dilemmas and choices to determine the fate of a kingdom.",0.07,"[{'label': 'neutral', 'score': 0.9962400197982788}, {'label': 'contradiction', 'score': 0.003094412386417389}, {'label': 'entailment', 'score': 0.0006655732286162674}]"
2069180,The King's Dilemma: Chronicles,krauss_2_kontrast,Not only cloudy spots prompt the reader to interpret actively. Even seemingly clear passages trigger top-down effects that prevent reading from being a purely passive process.,"Does this game contain elements of the following concept? Answer in 1-2 sentences with your reasoning.

Concept: Not only cloudy spots prompt the reader to interpret actively. Even seemingly clear passages trigger top-down effects that prevent reading from being a purely passive process.

Game: For Peace and Prosperity: Fill a column of the",78.3,"[{'label': 'entailment', 'score': 0.7829879522323608}, {'label': 'neutral', 'score': 0.1954137682914734}, {'label': 'contradiction', 'score': 0.021598318591713905}]"
2069180,The King's Dilemma: Chronicles,krauss_3_beispiel_rossmann,"Example: Karl Rossmann flees from a policeman. Although the scene appears clearly described, contradictory details – like his 'too high, time-consuming, and useless jumps' – leave room for interpretation.","Does this game contain elements of the following concept? Answer in 1-2 sentences with your reasoning.

Concept: Example: The game is set in a world where the player must navigate through a complex and dangerous environment while avoiding the traps and obstacles that lie in their path.

Game: The Last of Us: Play as Joel, a survivor of",0.04,"[{'label': 'neutral', 'score': 0.9873720407485962}, {'label': 'contradiction', 'score': 0.012264211662113667}, {'label': 'entailment', 'score': 0.00036376682692207396}]"
2069180,The King's Dilemma: Chronicles,krauss_4_schluss,Interpretative openness arises not only from the text itself but also from the textual base or the mental model that forms in the reader's mind – shaped by individual schemas and context.,"Does this game contain elements of the following concept? Answer in 1-2 sentences with your reasoning.

Concept: Interpretative openness arises not only from the text itself but also from the textual base or the mental model that forms in the reader's mind – shaped by individual schemas and context.

Game: For Peace and Prosperity:",18.91,"[{'label': 'neutral', 'score': 0.7866739630699158}, {'label': 'entailment', 'score': 0.1890551745891571}, {'label': 'contradiction', 'score': 0.024270879104733467}]"
1272160,The Life and Suffering of Sir Brante,krauss_1_definition,Walter Benjamin spoke of 'cloudy spots' in Kafka's texts – indeterminate passages that encourage the reader to actively make connections between the elements of a narrative.,The game will ask you to choose one of the concepts and then provide a brief explanation of how it relates to the game. The game will then prompt you to choose one of the options and provide a brief explanation of how it relates to the game. The game will then provide a brief explanation of how the concept relates to the game.,0.15,"[{'label': 'neutral', 'score': 0.9929163455963135}, {'label': 'contradiction', 'score': 0.005574522074311972}, {'label': 'entailment', 'score': 0.0015091764507815242}]"
1272160,The Life and Suffering of Sir Brante,krauss_2_kontrast,Not only cloudy spots prompt the reader to interpret actively. Even seemingly clear passages trigger top-down effects that prevent reading from being a purely passive process.,"The game should have a clear and concise summary of the game's concept, including the elements that make it unique. The summary should be written in a clear and engaging style that captures the reader's attention and makes them want to play the game.",0.11,"[{'label': 'neutral', 'score': 0.997199535369873}, {'label': 'contradiction', 'score': 0.0017169746570289135}, {'label': 'entailment', 'score': 0.0010834680870175362}]"
1272160,The Life and Suffering of Sir Brante,krauss_3_beispiel_rossmann,"Example: Karl Rossmann flees from a policeman. Although the scene appears clearly described, contradictory details – like his 'too high, time-consuming, and useless jumps' – leave room for interpretation.","The game should have a clear and concise description of the concept, with a brief explanation of the contradictory details. The game should also include a brief explanation of the game's setting, characters, and plot.",0.01,"[{'label': 'neutral', 'score': 0.9991050362586975}, {'label': 'contradiction', 'score': 0.0007615783833898604}, {'label': 'entailment', 'score': 0.00013340794248506427}]"
1272160,The Life and Suffering of Sir Brante,krauss_4_schluss,Interpretative openness arises not only from the text itself but also from the textual base or the mental model that forms in the reader's mind – shaped by individual schemas and context.,"The game should have a clear and concise explanation of the concept, with a brief explanation of the game's theme and the concept's significance. The game should also include a brief explanation of the game's mechanics, such as the game's rules, scoring system, and gameplay. The game should also include a brief explanation of the game's difficulty level, with a",0.4,"[{'label': 'neutral', 'score': 0.9927211403846741}, {'label': 'entailment', 'score': 0.003964988514780998}, {'label': 'contradiction', 'score': 0.0033137912396341562}]"
1308760,Mesmer,krauss_1_definition,Walter Benjamin spoke of 'cloudy spots' in Kafka's texts – indeterminate passages that encourage the reader to actively make connections between the elements of a narrative.,"The game contains elements of the following concept: The game is a social survival game where every encounter matters. The stakes are high, and the dangers are many. The game is a unique social survival game where every encounter matters. The game is a unique social survival game where every encounter matters. The game is a unique social survival game where every encounter matters. The game is",25.79,"[{'label': 'neutral', 'score': 0.5712464451789856}, {'label': 'entailment', 'score': 0.2579168975353241}, {'label': 'contradiction', 'score': 0.17083659768104553}]"
1308760,Mesmer,krauss_2_kontrast,Not only cloudy spots prompt the reader to interpret actively. Even seemingly clear passages trigger top-down effects that prevent reading from being a purely passive process.,The game contains elements of the following concept: Not only cloudy spots prompt the reader to interpret actively. Even seemingly clear passages trigger top-down effects that prevent reading from being a purely passive process.,99.47,"[{'label': 'entailment', 'score': 0.994743824005127}, {'label': 'neutral', 'score': 0.0037971839774399996}, {'label': 'contradiction', 'score': 0.0014590108767151833}]"
1308760,Mesmer,krauss_3_beispiel_rossmann,"Example: Karl Rossmann flees from a policeman. Although the scene appears clearly described, contradictory details – like his 'too high, time-consuming, and useless jumps' – leave room for interpretation.","Does this game contain elements of the following concept? Answer in 1-2 sentences with your reasoning.

Concept: Example: The King has failed his people.

Game: The King's Dilemma: Decide how to balance the King's needs with the needs of the people | The King's Dilemma: Decide how to balance the",0.03,"[{'label': 'neutral', 'score': 0.9947372078895569}, {'label': 'contradiction', 'score': 0.004959178157150745}, {'label': 'entailment', 'score': 0.00030358158983290195}]"
1308760,Mesmer,krauss_4_schluss,Interpretative openness arises not only from the text itself but also from the textual base or the mental model that forms in the reader's mind – shaped by individual schemas and context.,The game contains elements of the following concept: Interpretative openness arises not only from the text itself but also from the textual base or the mental model that forms in the reader's mind – shaped by individual schemas and context.,99.69,"[{'label': 'entailment', 'score': 0.9969229102134705}, {'label': 'neutral', 'score': 0.0024541120510548353}, {'label': 'contradiction', 'score': 0.0006229781429283321}]"
2210700,Pechka: Historical Story Adventure,krauss_1_definition,Walter Benjamin spoke of 'cloudy spots' in Kafka's texts – indeterminate passages that encourage the reader to actively make connections between the elements of a narrative.,"This game contains elements of the following concept: ""Pechka"" is a story set against real history and immersive story centered around the journey of the young man 'Pyotr' and the struggles and conflicts of the vanished country's citizens. The game explores various emotions and themes such as betrayal, death, and love, and includes intimacy system",0.69,"[{'label': 'neutral', 'score': 0.9853111505508423}, {'label': 'contradiction', 'score': 0.007814805023372173}, {'label': 'entailment', 'score': 0.006874042097479105}]"
2210700,Pechka: Historical Story Adventure,krauss_2_kontrast,Not only cloudy spots prompt the reader to interpret actively. Even seemingly clear passages trigger top-down effects that prevent reading from being a purely passive process.,"This game contains elements of the following concept: Betrayal, Death, and Love.",4.97,"[{'label': 'neutral', 'score': 0.6939011812210083}, {'label': 'contradiction', 'score': 0.25639283657073975}, {'label': 'entailment', 'score': 0.04970598220825195}]"
2210700,Pechka: Historical Story Adventure,krauss_3_beispiel_rossmann,"Example: Karl Rossmann flees from a policeman. Although the scene appears clearly described, contradictory details – like his 'too high, time-consuming, and useless jumps' – leave room for interpretation.","Does this game contain elements of the following concept? Answer in 1-2 sentences with your reasoning.

Concept: Example: The game is set in the Russian Far East in the early 20th century, offering a thorough historical and period authenticity to provide players with a realistic experience. Game: Friendly Interpreter: Help the man in trouble | Frozen:",0.04,"[{'label': 'neutral', 'score': 0.9843983054161072}, {'label': 'contradiction', 'score': 0.015152553096413612}, {'label': 'entailment', 'score': 0.0004491711442824453}]"
2210700,Pechka: Historical Story Adventure,krauss_4_schluss,Interpretative openness arises not only from the text itself but also from the textual base or the mental model that forms in the reader's mind – shaped by individual schemas and context.,This game contains elements of the following concept: Interpretative openness arises not only from the text itself but also from the textual base or the mental model that forms in the reader's mind – shaped by individual schemas and context.,99.71,"[{'label': 'entailment', 'score': 0.9970683455467224}, {'label': 'neutral', 'score': 0.002240227535367012}, {'label': 'contradiction', 'score': 0.0006913985125720501}]"
529340,Victoria 3,krauss_1_definition,Walter Benjamin spoke of 'cloudy spots' in Kafka's texts – indeterminate passages that encourage the reader to actively make connections between the elements of a narrative.,"The game will be played with 10 players, each with a randomly generated nation. The game will be played over 10 rounds, with each round consisting of 3 phases:

Phase 1: The game begins with each player choosing a randomly generated nation. The player with the highest GDP at the end of the first round is declared the winner.

Ph",0.02,"[{'label': 'neutral', 'score': 0.9984073042869568}, {'label': 'contradiction', 'score': 0.001442237407900393}, {'label': 'entailment', 'score': 0.00015043973689898849}]"
529340,Victoria 3,krauss_2_kontrast,Not only cloudy spots prompt the reader to interpret actively. Even seemingly clear passages trigger top-down effects that prevent reading from being a purely passive process.,The game contains elements of the following concept: Not only cloudy spots prompt the reader to interpret actively. Even seemingly clear passages trigger top-down effects that prevent reading from being a purely passive process.,99.47,"[{'label': 'entailment', 'score': 0.994743824005127}, {'label': 'neutral', 'score': 0.0037971839774399996}, {'label': 'contradiction', 'score': 0.0014590108767151833}]"
529340,Victoria 3,krauss_3_beispiel_rossmann,"Example: Karl Rossmann flees from a policeman. Although the scene appears clearly described, contradictory details – like his 'too high, time-consuming, and useless jumps' – leave room for interpretation.","The game will contain elements of the following concept: Karl Rossmann flees from a policeman. Although the scene appears clearly described, contradictory details – like his 'too high, time-consuming, and useless jumps' – leave room for interpretation.",98.62,"[{'label': 'entailment', 'score': 0.9862309098243713}, {'label': 'neutral', 'score': 0.01214628852903843}, {'label': 'contradiction', 'score': 0.001622734940610826}]"
529340,Victoria 3,krauss_4_schluss,Interpretative openness arises not only from the text itself but also from the textual base or the mental model that forms in the reader's mind – shaped by individual schemas and context.,"The game will be played with the concept of Interpretative Openness. The player will be able to interpret the game's elements in their own way, and the game will be played with a cultural migration target, a diaspora, a GDP, a population, a GDP per capita, a population per capita, a GDP per capita, a population per",94.1,"[{'label': 'entailment', 'score': 0.940983772277832}, {'label': 'neutral', 'score': 0.05470539629459381}, {'label': 'contradiction', 'score': 0.004310899414122105}]"
1570070,Beholder 3,krauss_1_definition,Walter Benjamin spoke of 'cloudy spots' in Kafka's texts – indeterminate passages that encourage the reader to actively make connections between the elements of a narrative.,"Does this game contain elements of the following concept? Answer in 1-2 sentences with your reasoning.

Concept: The Greatest Union: A totalitarian state that controls everything and everyone through oppressive laws, total surveillance, and intimidation.",0.05,"[{'label': 'neutral', 'score': 0.9870419502258301}, {'label': 'contradiction', 'score': 0.012455081567168236}, {'label': 'entailment', 'score': 0.0005029195453971624}]"
1570070,Beholder 3,krauss_2_kontrast,Not only cloudy spots prompt the reader to interpret actively. Even seemingly clear passages trigger top-down effects that prevent reading from being a purely passive process.,"This game has elements of the following concepts: Top-down effects, government spy, secret factions, and political factions. The game has a clear and active storyline that prompts the player to interpret actively. The game has a variety of different factions that are secretly vying for power over the Ministry and the country. The game has multiple quests that require the player",0.2,"[{'label': 'neutral', 'score': 0.9978556036949158}, {'label': 'entailment', 'score': 0.0019944875966757536}, {'label': 'contradiction', 'score': 0.0001499088975833729}]"
1570070,Beholder 3,krauss_3_beispiel_rossmann,"Example: Karl Rossmann flees from a policeman. Although the scene appears clearly described, contradictory details – like his 'too high, time-consuming, and useless jumps' – leave room for interpretation.","Does this game contain elements of the following concept? Answer in 1-2 sentences with your reasoning.

Concept: Example: The Greatest Union: A totalitarian state that controls everything and everyone through oppressive laws, total surveillance, and intimidation.

Game: The Greatest Union: A totalitarian state that controls everything and everyone through",0.2,"[{'label': 'neutral', 'score': 0.8296738266944885}, {'label': 'contradiction', 'score': 0.16833236813545227}, {'label': 'entailment', 'score': 0.001993834273889661}]"
1570070,Beholder 3,krauss_4_schluss,Interpretative openness arises not only from the text itself but also from the textual base or the mental model that forms in the reader's mind – shaped by individual schemas and context.,This game is a great way to practice interpretative openness. The game has elements of the following concepts: Interpretative openness arises not only from the text itself but also from the textual base or the mental model that forms in the reader's mind – shaped by individual schemas and context. The game has elements of the following concepts: Interpretative openness arises,99.36,"[{'label': 'entailment', 'score': 0.9935505390167236}, {'label': 'neutral', 'score': 0.005518197547644377}, {'label': 'contradiction', 'score': 0.0009312538313679397}]"
470310,TROUBLESHOOTER: Abandoned Children,krauss_1_definition,Walter Benjamin spoke of 'cloudy spots' in Kafka's texts – indeterminate passages that encourage the reader to actively make connections between the elements of a narrative.,"The game contains elements of the following concept: ""Walter Benjamin spoke of 'cloudy spots' in Kafka's texts – indeterminate passages that encourage the reader to actively make connections between the elements of a narrative.""",99.5,"[{'label': 'entailment', 'score': 0.9950495362281799}, {'label': 'neutral', 'score': 0.004054071381688118}, {'label': 'contradiction', 'score': 0.0008963537402451038}]"
470310,TROUBLESHOOTER: Abandoned Children,krauss_2_kontrast,Not only cloudy spots prompt the reader to interpret actively. Even seemingly clear passages trigger top-down effects that prevent reading from being a purely passive process.,The game contains elements of the following concept: Not only cloudy spots prompt the reader to interpret actively. Even seemingly clear passages trigger top-down effects that prevent reading from being a purely passive process. The game contains elements of the following concept: Not only cloudy spots prompt the reader to interpret actively. Even seemingly clear passages trigger top-down effects that,98.94,"[{'label': 'entailment', 'score': 0.9894188046455383}, {'label': 'neutral', 'score': 0.009295973926782608}, {'label': 'contradiction', 'score': 0.0012853193329647183}]"
470310,TROUBLESHOOTER: Abandoned Children,krauss_3_beispiel_rossmann,"Example: Karl Rossmann flees from a policeman. Although the scene appears clearly described, contradictory details – like his 'too high, time-consuming, and useless jumps' – leave room for interpretation.","Does this game contain elements of the following concept? Answer in 1-2 sentences with your reasoning.

Concept: Example: The game is set in a post-apocalyptic world where the player must survive and fight against various enemies.

Game: The Walking Dead: Season 1: Complete the scenario mission 'The Beginning'. | The Walking Dead",0.02,"[{'label': 'neutral', 'score': 0.9958192110061646}, {'label': 'contradiction', 'score': 0.003939046058803797}, {'label': 'entailment', 'score': 0.00024175556609407067}]"
470310,TROUBLESHOOTER: Abandoned Children,krauss_4_schluss,Interpretative openness arises not only from the text itself but also from the textual base or the mental model that forms in the reader's mind – shaped by individual schemas and context.,The game contains elements of the following concept: Interpretative openness arises not only from the text itself but also from the textual base or the mental model that forms in the reader's mind – shaped by individual schemas and context. The game contains elements of the following concept: Interpretative openness arises not only from the text itself but also from the textual base,99.38,"[{'label': 'entailment', 'score': 0.9937735795974731}, {'label': 'neutral', 'score': 0.005500187166035175}, {'label': 'contradiction', 'score': 0.0007262272411026061}]"
223850,3DMark,krauss_1_definition,Walter Benjamin spoke of 'cloudy spots' in Kafka's texts – indeterminate passages that encourage the reader to actively make connections between the elements of a narrative.,"Does this game contain elements of the following concept? Answer in 1-2 sentences with your reasoning.

Concept: The game is set in a world where time is a commodity, and the player must navigate through a complex system of time-based puzzles to reach their destination.",0.08,"[{'label': 'neutral', 'score': 0.9932123422622681}, {'label': 'contradiction', 'score': 0.006002459675073624}, {'label': 'entailment', 'score': 0.0007852113340049982}]"
223850,3DMark,krauss_2_kontrast,Not only cloudy spots prompt the reader to interpret actively. Even seemingly clear passages trigger top-down effects that prevent reading from being a purely passive process.,"Does this game contain elements of the following concept? Answer in 1-2 sentences with your reasoning.

Concept: Not only cloudy spots prompt the reader to interpret actively. Even seemingly clear passages trigger top-down effects that prevent reading from being a purely passive process.",57.26,"[{'label': 'entailment', 'score': 0.5726278424263}, {'label': 'neutral', 'score': 0.38954663276672363}, {'label': 'contradiction', 'score': 0.037825487554073334}]"
223850,3DMark,krauss_3_beispiel_rossmann,"Example: Karl Rossmann flees from a policeman. Although the scene appears clearly described, contradictory details – like his 'too high, time-consuming, and useless jumps' – leave room for interpretation.","Does this game contain elements of the following concept? Answer in 1-2 sentences with your reasoning.

Concept: Example: Karl Rossmann flees from a policeman. Although the scene appears clearly described, contradictory details – like his 'too high, time-consuming, and useless jumps' – leave room for interpretation.

Game: Hydra:",3.4,"[{'label': 'neutral', 'score': 0.9315856099128723}, {'label': 'contradiction', 'score': 0.03436873108148575}, {'label': 'entailment', 'score': 0.034045685082674026}]"
223850,3DMark,krauss_4_schluss,Interpretative openness arises not only from the text itself but also from the textual base or the mental model that forms in the reader's mind – shaped by individual schemas and context.,"Does this game contain elements of the following concept? Answer in 1-2 sentences with your reasoning.

Concept: Interpretative openness arises not only from the text itself but also from the textual base or the mental model that forms in the reader's mind – shaped by individual schemas and context.",96.45,"[{'label': 'entailment', 'score': 0.9645329713821411}, {'label': 'neutral', 'score': 0.031111400574445724}, {'label': 'contradiction', 'score': 0.004355632234364748}]"
2896980,Cats in the Ancient City of Gu Su,krauss_1_definition,Walter Benjamin spoke of 'cloudy spots' in Kafka's texts – indeterminate passages that encourage the reader to actively make connections between the elements of a narrative.,The game contains elements of the concept 'cloudy spots' in Kafka's texts.,0.48,"[{'label': 'neutral', 'score': 0.9881529211997986}, {'label': 'contradiction', 'score': 0.007013892289251089}, {'label': 'entailment', 'score': 0.004833200015127659}]"
2896980,Cats in the Ancient City of Gu Su,krauss_2_kontrast,Not only cloudy spots prompt the reader to interpret actively. Even seemingly clear passages trigger top-down effects that prevent reading from being a purely passive process.,"The game contains elements of the concept ""not only cloudy spots prompt the reader to interpret actively."" The game prompts the reader to interpret passages actively, with clear passages triggering top-down effects that prevent reading from being a purely passive process.",97.53,"[{'label': 'entailment', 'score': 0.9752724766731262}, {'label': 'neutral', 'score': 0.023161722347140312}, {'label': 'contradiction', 'score': 0.001565824612043798}]"
2896980,Cats in the Ancient City of Gu Su,krauss_3_beispiel_rossmann,"Example: Karl Rossmann flees from a policeman. Although the scene appears clearly described, contradictory details – like his 'too high, time-consuming, and useless jumps' – leave room for interpretation.","The game contains elements of the concept ""5 Cats: 5 Cats""",0.02,"[{'label': 'neutral', 'score': 0.9953765869140625}, {'label': 'contradiction', 'score': 0.004446974024176598}, {'label': 'entailment', 'score': 0.00017637874407228082}]"
2896980,Cats in the Ancient City of Gu Su,krauss_4_schluss,Interpretative openness arises not only from the text itself but also from the textual base or the mental model that forms in the reader's mind – shaped by individual schemas and context.,"Interpretative openness arises from the text itself, shaped by individual schemas and context.",0.33,"[{'label': 'neutral', 'score': 0.9947859644889832}, {'label': 'entailment', 'score': 0.0032583866268396378}, {'label': 'contradiction', 'score': 0.00195568660274148}]"
2103640,Axis Football 2023,krauss_1_definition,Walter Benjamin spoke of 'cloudy spots' in Kafka's texts – indeterminate passages that encourage the reader to actively make connections between the elements of a narrative.,"This game has a redesigned gameplay system, endless customization, and the industry's best franchise mode. It features a completely overhauled tackling system, added over 300 different tackles, improved momentum and physics-based tackling, redesigned defensive back logic and animation system, added primary and secondary precedents to zone coverage, redes",0.05,"[{'label': 'neutral', 'score': 0.9965207576751709}, {'label': 'contradiction', 'score': 0.0029491528403013945}, {'label': 'entailment', 'score': 0.0005301596829667687}]"
2103640,Axis Football 2023,krauss_2_kontrast,Not only cloudy spots prompt the reader to interpret actively. Even seemingly clear passages trigger top-down effects that prevent reading from being a purely passive process.,"This game has a focus on top-down effects, allowing players to interpret the game's elements in a more active way. The game's mechanics are designed to encourage players to engage with the game's elements in a more interactive way, rather than passively reading through the game. The game's customization options allow players to create their own unique teams and playstyles",0.64,"[{'label': 'neutral', 'score': 0.9928030371665955}, {'label': 'entailment', 'score': 0.00641785329207778}, {'label': 'contradiction', 'score': 0.0007791396346874535}]"
2103640,Axis Football 2023,krauss_3_beispiel_rossmann,"Example: Karl Rossmann flees from a policeman. Although the scene appears clearly described, contradictory details – like his 'too high, time-consuming, and useless jumps' – leave room for interpretation.","This game has a redesigned gameplay system, endless customization, and the industry's best franchise mode. The new tackling system adds over 300 different tackles, and the defensive back logic and animation system has been completely overhauled. The new pass catching system adds over 400 different catches, and the diving, jump",0.19,"[{'label': 'neutral', 'score': 0.9798374772071838}, {'label': 'contradiction', 'score': 0.018276622518897057}, {'label': 'entailment', 'score': 0.0018859599949792027}]"
2103640,Axis Football 2023,krauss_4_schluss,Interpretative openness arises not only from the text itself but also from the textual base or the mental model that forms in the reader's mind – shaped by individual schemas and context.,"This game has a focus on player customization and endless customization. The gameplay mechanics have been redesigned to create a more immersive experience. The game also features a customization suite for players and coaches. The game modes include player vs AI, coach mode, and spectator mode. The game also features local player vs player and franchise mode.",0.12,"[{'label': 'neutral', 'score': 0.9959239959716797}, {'label': 'contradiction', 'score': 0.00287253363057971}, {'label': 'entailment', 'score': 0.0012034618994221091}]"
1877960,Trimps,krauss_1_definition,Walter Benjamin spoke of 'cloudy spots' in Kafka's texts – indeterminate passages that encourage the reader to actively make connections between the elements of a narrative.,"This game contains elements of the following concept: ""Cloudy spots"" in Kafka's texts.",0.64,"[{'label': 'neutral', 'score': 0.9805537462234497}, {'label': 'contradiction', 'score': 0.01302766241133213}, {'label': 'entailment', 'score': 0.006418533157557249}]"
1877960,Trimps,krauss_2_kontrast,Not only cloudy spots prompt the reader to interpret actively. Even seemingly clear passages trigger top-down effects that prevent reading from being a purely passive process.,"This game contains elements of the concept ""Not only cloudy spots prompt the reader to interpret actively. Even seemingly clear passages trigger top-down effects that prevent reading from being a purely passive process.""",99.61,"[{'label': 'entailment', 'score': 0.9961450099945068}, {'label': 'neutral', 'score': 0.002669303445145488}, {'label': 'contradiction', 'score': 0.0011856608325615525}]"
1877960,Trimps,krauss_3_beispiel_rossmann,"Example: Karl Rossmann flees from a policeman. Although the scene appears clearly described, contradictory details – like his 'too high, time-consuming, and useless jumps' – leave room for interpretation.","This game contains elements of the following concept: Example: The game contains elements of the concept of ""Melted"" and ""Imploderated"".",0.03,"[{'label': 'neutral', 'score': 0.9978118538856506}, {'label': 'contradiction', 'score': 0.001859544776380062}, {'label': 'entailment', 'score': 0.00032869010465219617}]"
1877960,Trimps,krauss_4_schluss,Interpretative openness arises not only from the text itself but also from the textual base or the mental model that forms in the reader's mind – shaped by individual schemas and context.,"This game contains elements of the concept of ""Interpretative openness"" as described in the text. The game's concept of ""Interpretative openness"" is evident in the textual base or mental model that forms in the reader's mind, shaped by individual schemas and context. The game's concept of ""Interpretative openness"" is evident in the text",97.16,"[{'label': 'entailment', 'score': 0.971560537815094}, {'label': 'neutral', 'score': 0.027080070227384567}, {'label': 'contradiction', 'score': 0.0013593712355941534}]"
1182110,Weed Shop 3,krauss_1_definition,Walter Benjamin spoke of 'cloudy spots' in Kafka's texts – indeterminate passages that encourage the reader to actively make connections between the elements of a narrative.,"A detailed business plan for a recreational marijuana dispensary simulator with business management mechanics, FPS action, and a crazy storyline.",2.21,"[{'label': 'neutral', 'score': 0.8552520275115967}, {'label': 'contradiction', 'score': 0.12261102348566055}, {'label': 'entailment', 'score': 0.02213689684867859}]"
1182110,Weed Shop 3,krauss_2_kontrast,Not only cloudy spots prompt the reader to interpret actively. Even seemingly clear passages trigger top-down effects that prevent reading from being a purely passive process.,"The game is a marijuana-infused adventure simulator with business management mechanics, FPS action, and a crazy storyline. The player starts their journey as a broke and clueless stoner, but eventually gains experience and becomes a successful cannabis entrepreneur. The journey to the top will be long and grindy, but the player still",1.35,"[{'label': 'neutral', 'score': 0.9780498147010803}, {'label': 'entailment', 'score': 0.013458775356411934}, {'label': 'contradiction', 'score': 0.008491383865475655}]"
1182110,Weed Shop 3,krauss_3_beispiel_rossmann,"Example: Karl Rossmann flees from a policeman. Although the scene appears clearly described, contradictory details – like his 'too high, time-consuming, and useless jumps' – leave room for interpretation.","- The game is a recreational marijuana dispensary simulator with business management mechanics, FPS action, and a crazy storyline.
- The game starts with a broke and clueless stoner named ""Joe"" who starts growing weed in the toilet.
- The journey to the top will be long and grindy,",0.13,"[{'label': 'neutral', 'score': 0.9904486536979675}, {'label': 'contradiction', 'score': 0.008275984786450863}, {'label': 'entailment', 'score': 0.0012753872433677316}]"
1182110,Weed Shop 3,krauss_4_schluss,Interpretative openness arises not only from the text itself but also from the textual base or the mental model that forms in the reader's mind – shaped by individual schemas and context.,"Does this game contain elements of the following concept? Answer in 1-2 sentences with your reasoning.

Concept: Interpretative openness arises not only from the text itself but also from the textual base or the mental model that forms in the reader's mind – shaped by individual schemas and context.

Game: To Humble Beginnings!: G",95.42,"[{'label': 'entailment', 'score': 0.9542311429977417}, {'label': 'neutral', 'score': 0.037387602031230927}, {'label': 'contradiction', 'score': 0.008381216786801815}]"
1641830,Axis Football 2021,krauss_1_definition,Walter Benjamin spoke of 'cloudy spots' in Kafka's texts – indeterminate passages that encourage the reader to actively make connections between the elements of a narrative.,"This game contains elements of the following concept: cloudy spots in Kafka's texts, indeterminate passages that encourage the reader to actively make connections between the elements of a narrative, and that just happened.",1.07,"[{'label': 'neutral', 'score': 0.9809879064559937}, {'label': 'entailment', 'score': 0.010654144920408726}, {'label': 'contradiction', 'score': 0.008357938379049301}]"
1641830,Axis Football 2021,krauss_2_kontrast,Not only cloudy spots prompt the reader to interpret actively. Even seemingly clear passages trigger top-down effects that prevent reading from being a purely passive process.,This game contains elements of the following concept: Not only cloudy spots prompt the reader to interpret actively. Even seemingly clear passages trigger top-down effects that prevent reading from being a purely passive process.,99.52,"[{'label': 'entailment', 'score': 0.9952431321144104}, {'label': 'neutral', 'score': 0.003427559044212103}, {'label': 'contradiction', 'score': 0.001329275663010776}]"
1641830,Axis Football 2021,krauss_3_beispiel_rossmann,"Example: Karl Rossmann flees from a policeman. Although the scene appears clearly described, contradictory details – like his 'too high, time-consuming, and useless jumps' – leave room for interpretation.",This game contains elements of the following concept: Axis Football 2021.,0.02,"[{'label': 'neutral', 'score': 0.9981815814971924}, {'label': 'contradiction', 'score': 0.0016532825538888574}, {'label': 'entailment', 'score': 0.0001651115162530914}]"
1641830,Axis Football 2021,krauss_4_schluss,Interpretative openness arises not only from the text itself but also from the textual base or the mental model that forms in the reader's mind – shaped by individual schemas and context.,This game contains elements of the following concept: Interpretative openness arises not only from the text itself but also from the textual base or the mental model that forms in the reader's mind – shaped by individual schemas and context.,99.71,"[{'label': 'entailment', 'score': 0.9970683455467224}, {'label': 'neutral', 'score': 0.002240227535367012}, {'label': 'contradiction', 'score': 0.0006913985125720501}]"
589870,Learn to Fly 3,krauss_1_definition,Walter Benjamin spoke of 'cloudy spots' in Kafka's texts – indeterminate passages that encourage the reader to actively make connections between the elements of a narrative.,"The game contains elements of the following concept: ""cloudy spots"" in Kafka's texts.",0.91,"[{'label': 'neutral', 'score': 0.9776021838188171}, {'label': 'contradiction', 'score': 0.013332737609744072}, {'label': 'entailment', 'score': 0.009065110236406326}]"
589870,Learn to Fly 3,krauss_2_kontrast,Not only cloudy spots prompt the reader to interpret actively. Even seemingly clear passages trigger top-down effects that prevent reading from being a purely passive process.,"Does this game contain elements of the following concept? Answer in 1-2 sentences with your reasoning.

Concept: Not only cloudy spots prompt the reader to interpret actively. Even seemingly clear passages trigger top-down effects that prevent reading from being a purely passive process.

Game: Let me get high…: Reach an altitude of 5",92.56,"[{'label': 'entailment', 'score': 0.9256222248077393}, {'label': 'neutral', 'score': 0.06475697457790375}, {'label': 'contradiction', 'score': 0.009620736353099346}]"
589870,Learn to Fly 3,krauss_3_beispiel_rossmann,"Example: Karl Rossmann flees from a policeman. Although the scene appears clearly described, contradictory details – like his 'too high, time-consuming, and useless jumps' – leave room for interpretation.","- ""Did Space Just Get Farther?""
- ""I Got One!""
- ""Like, WAY High""
- ""I Can Never Count That High...""
- ""About This Game In Learn to Fly 3""
- ""You Call That Hidden?""
- ""Gotta Go Fasterest!""
- ""I Will Go The Distance",0.27,"[{'label': 'neutral', 'score': 0.993647038936615}, {'label': 'contradiction', 'score': 0.003617114620283246}, {'label': 'entailment', 'score': 0.0027357912622392178}]"
589870,Learn to Fly 3,krauss_4_schluss,Interpretative openness arises not only from the text itself but also from the textual base or the mental model that forms in the reader's mind – shaped by individual schemas and context.,"The game contains elements of the concept of ""interpretative openness"" as it involves elements of the text itself, the textual base, and mental models shaped by individual schemas and context. The game also contains elements of the concept of ""interpretative openness"" as it involves the mental model of ""building, customizing, and upgrading a spaceship"" and the game",97.89,"[{'label': 'entailment', 'score': 0.978890597820282}, {'label': 'neutral', 'score': 0.020062366500496864}, {'label': 'contradiction', 'score': 0.0010469896951690316}]"
3162260,Doll Catching Simulator,krauss_1_definition,Walter Benjamin spoke of 'cloudy spots' in Kafka's texts – indeterminate passages that encourage the reader to actively make connections between the elements of a narrative.,"Does this game contain elements of the following concept? Answer in 1-2 sentences with your reasoning.

Concept: The game is a 2D cute-style claw machine simulator, bringing players a comfortable claw machine experience.",0.13,"[{'label': 'neutral', 'score': 0.9927449226379395}, {'label': 'contradiction', 'score': 0.005986541043967009}, {'label': 'entailment', 'score': 0.0012685556430369616}]"
3162260,Doll Catching Simulator,krauss_2_kontrast,Not only cloudy spots prompt the reader to interpret actively. Even seemingly clear passages trigger top-down effects that prevent reading from being a purely passive process.,The game contains elements of the following concept: Not only cloudy spots prompt the reader to interpret actively. Even seemingly clear passages trigger top-down effects that prevent reading from being a purely passive process.,99.47,"[{'label': 'entailment', 'score': 0.994743824005127}, {'label': 'neutral', 'score': 0.0037971839774399996}, {'label': 'contradiction', 'score': 0.0014590108767151833}]"
3162260,Doll Catching Simulator,krauss_3_beispiel_rossmann,"Example: Karl Rossmann flees from a policeman. Although the scene appears clearly described, contradictory details – like his 'too high, time-consuming, and useless jumps' – leave room for interpretation.","Does this game contain elements of the following concept? Answer in 1-2 sentences with your reasoning.

Concept: Example: The game is set in a world where there are as many as 41 dolls with different styles and charming cuteness. Each doll has its own dedicated claw machine, allowing you to fully experience the exclusive fun of grasping.",0.01,"[{'label': 'neutral', 'score': 0.9926024079322815}, {'label': 'contradiction', 'score': 0.007281104102730751}, {'label': 'entailment', 'score': 0.00011652582179522142}]"
3162260,Doll Catching Simulator,krauss_4_schluss,Interpretative openness arises not only from the text itself but also from the textual base or the mental model that forms in the reader's mind – shaped by individual schemas and context.,"Does this game contain elements of the following concept? Answer in 1-2 sentences with your reasoning.

Concept: Interpretative openness arises not only from the text itself but also from the textual base or the mental model that forms in the reader's mind – shaped by individual schemas and context.",96.45,"[{'label': 'entailment', 'score': 0.9645329713821411}, {'label': 'neutral', 'score': 0.031111400574445724}, {'label': 'contradiction', 'score': 0.004355632234364748}]"
2860150,Asteroid Drift,krauss_1_definition,Walter Benjamin spoke of 'cloudy spots' in Kafka's texts – indeterminate passages that encourage the reader to actively make connections between the elements of a narrative.,"This game is designed for time attack replay and speedrunning. The faster you complete a level, the higher the medal you'll receive.",0.02,"[{'label': 'neutral', 'score': 0.9985648989677429}, {'label': 'contradiction', 'score': 0.0012717429781332612}, {'label': 'entailment', 'score': 0.0001634281361475587}]"
2860150,Asteroid Drift,krauss_2_kontrast,Not only cloudy spots prompt the reader to interpret actively. Even seemingly clear passages trigger top-down effects that prevent reading from being a purely passive process.,"This game is designed for time attack replay and speedrunning. The faster you complete a level, the higher the medal you'll receive.",0.42,"[{'label': 'neutral', 'score': 0.9656030535697937}, {'label': 'contradiction', 'score': 0.0302273016422987}, {'label': 'entailment', 'score': 0.00416963268071413}]"
2860150,Asteroid Drift,krauss_3_beispiel_rossmann,"Example: Karl Rossmann flees from a policeman. Although the scene appears clearly described, contradictory details – like his 'too high, time-consuming, and useless jumps' – leave room for interpretation.","This game is designed for time attack replay and speedrunning. The faster you complete a level, the higher the medal you'll receive.",0.02,"[{'label': 'neutral', 'score': 0.9974483251571655}, {'label': 'contradiction', 'score': 0.00233871815726161}, {'label': 'entailment', 'score': 0.00021302975073922426}]"
2860150,Asteroid Drift,krauss_4_schluss,Interpretative openness arises not only from the text itself but also from the textual base or the mental model that forms in the reader's mind – shaped by individual schemas and context.,"This game is designed for time attack and replay, with a focus on mastering control of the spacecraft's inertia. The game is designed to take about 2 hours to roll credits the first time, with a speedrun time of 7:21.64.",22.72,"[{'label': 'neutral', 'score': 0.5687647461891174}, {'label': 'entailment', 'score': 0.22717410326004028}, {'label': 'contradiction', 'score': 0.20406116545200348}]"
356890,One More Line,krauss_1_definition,Walter Benjamin spoke of 'cloudy spots' in Kafka's texts – indeterminate passages that encourage the reader to actively make connections between the elements of a narrative.,"This game is a highly addictive, one button, space disco, skill timing game that features ADVERTISING FREE Steam Exclusive features, 2-4 player Local Multi-player, Several hats to choose from, Unlockable tails, Several skins, Steam Cards & Achievements, and As seen at PAX East & PAX",0.37,"[{'label': 'neutral', 'score': 0.9857739210128784}, {'label': 'contradiction', 'score': 0.010520568117499352}, {'label': 'entailment', 'score': 0.0037055076099932194}]"
356890,One More Line,krauss_2_kontrast,Not only cloudy spots prompt the reader to interpret actively. Even seemingly clear passages trigger top-down effects that prevent reading from being a purely passive process.,"The game is a highly addictive, one button, space disco, skill timing game that features ADVERTISING FREE Steam Exclusive features, 2-4 player Local Multi-player, Several hats to choose from, Unlockable tails, Several skins, Steam Cards & Achievements, and is seen at PAX East & PAX",11.57,"[{'label': 'neutral', 'score': 0.810853898525238}, {'label': 'entailment', 'score': 0.1157086119055748}, {'label': 'contradiction', 'score': 0.07343745231628418}]"
356890,One More Line,krauss_3_beispiel_rossmann,"Example: Karl Rossmann flees from a policeman. Although the scene appears clearly described, contradictory details – like his 'too high, time-consuming, and useless jumps' – leave room for interpretation.","This game is a fun and challenging time-waster that requires quick reflexes and precise timing. The gameplay is simple yet addictive, with a variety of challenges and obstacles to overcome. The controls are responsive and accurate, making it easy to master. The game is available for download on Steam and has received positive reviews from critics and players alike.",0.04,"[{'label': 'neutral', 'score': 0.9991437196731567}, {'label': 'contradiction', 'score': 0.00047967719729058444}, {'label': 'entailment', 'score': 0.000376531679648906}]"
356890,One More Line,krauss_4_schluss,Interpretative openness arises not only from the text itself but also from the textual base or the mental model that forms in the reader's mind – shaped by individual schemas and context.,"The game is a highly addictive, one button, space disco, skill timing game that features several hats to choose from, unlockable tails, several skins, and several skins. The game is designed to be easy to learn, hard to master, and has several hats to choose from. The game is a fun and easy game to learn, but hard to master",98.13,"[{'label': 'entailment', 'score': 0.9812523722648621}, {'label': 'neutral', 'score': 0.015652772039175034}, {'label': 'contradiction', 'score': 0.003094811225309968}]"
